Workbook

Sheet Start Here
A1: Personal Data Removal Tracker
A2: Ramu Reddy | Created July 2026
A4: How to use this workbook
A5: 1. | B5: Work top-down. Rows are ordered by exposure removed per minute spent, not alphabetically.
A6: 2. | B6: Set up a throwaway email BEFORE you start (see Setup tab). Brokers add your opt-out address to marketing lists.
A7: 3. | B7: Search yourself on each site first and paste the exact profile URL into the 'Profile URL found' column - most opt-outs require it.
A8: 4. | B8: Check for DUPLICATE listings. Old addresses and name variants often produce 2-3 profiles per site. Removing one leaves the others live.
A9: 5. | B9: Update the Status dropdown as you go. The Dashboard tab counts automatically.
A10: 6. | B10: Set a calendar reminder for 90 days out. Data reappears. This is a cycle, not a project.
A12: Status values
A13: Not started | B13: Haven't touched it yet.
A14: Submitted | B14: Request sent, no confirmation needed or none received yet.
A15: Confirmation pending | B15: Waiting on an email/SMS verification link. CHECK YOUR THROWAWAY INBOX - unclicked links are the #1 reason opt-outs fail.
A16: Removed - verified | B16: You searched again and the listing is gone. Only mark this after actually re-checking.
A17: Reappeared | B17: Was removed, has come back. Re-submit and note the date.
A18: Blocked / N/A | B18: Site requires ID you won't send, doesn't list you, or process is broken.
A20: Never do these
A21: - | B21: Never pay a people-search site to remove you. Free opt-out is legally required. Paid 'premium removal' is a scam.
A22: - | B22: Never use your primary email for opt-out forms.
A23: - | B23: Never send a photo of your ID unless the site is a major aggregator (LexisNexis, CoreLogic) and it is genuinely required. Redact all but name and address.

Sheet Dashboard
A1: Progress Dashboard
A2: Counts update automatically as you fill in the Status columns.
A4: Section | B4: Total items | C4: Done | D4: In flight | E4: Not started | F4: % complete
A5: Foundations | B5: =COUNTIF(Foundations!$D$2:$D$200,"<>") -> 23 | C5: =COUNTIF(Foundations!$D$2:$D$200,"Removed - verified") -> 0 | D5: =COUNTIF(Foundations!$D$2:$D$200,"Submitted")+COUNTIF(Foundations!$D$2:$D$200,"Confirmation pending") -> 0 | E5: =COUNTIF(Foundations!$D$2:$D$200,"Not started") -> 23 | F5: =IFERROR(C5/B5,0) -> 0
A6: People-Search Sites | B6: =COUNTIF('People-Search Sites'!$F$2:$F$200,"<>") -> 31 | C6: =COUNTIF('People-Search Sites'!$F$2:$F$200,"Removed - verified") -> 0 | D6: =COUNTIF('People-Search Sites'!$F$2:$F$200,"Submitted")+COUNTIF('People-Search Sites'!$F$2:$F$200,"Confirmation pending") -> 0 | E6: =COUNTIF('People-Search Sites'!$F$2:$F$200,"Not started") -> 31 | F6: =IFERROR(C6/B6,0) -> 0
A7: Aggregators | B7: =COUNTIF(Aggregators!$D$2:$D$200,"<>") -> 10 | C7: =COUNTIF(Aggregators!$D$2:$D$200,"Removed - verified") -> 0 | D7: =COUNTIF(Aggregators!$D$2:$D$200,"Submitted")+COUNTIF(Aggregators!$D$2:$D$200,"Confirmation pending") -> 0 | E7: =COUNTIF(Aggregators!$D$2:$D$200,"Not started") -> 10 | F7: =IFERROR(C7/B7,0) -> 0
A8: Accounts & Social | B8: =COUNTIF('Accounts & Social'!$D$2:$D$200,"<>") -> 19 | C8: =COUNTIF('Accounts & Social'!$D$2:$D$200,"Removed - verified") -> 0 | D8: =COUNTIF('Accounts & Social'!$D$2:$D$200,"Submitted")+COUNTIF('Accounts & Social'!$D$2:$D$200,"Confirmation pending") -> 0 | E8: =COUNTIF('Accounts & Social'!$D$2:$D$200,"Not started") -> 19 | F8: =IFERROR(C8/B8,0) -> 0
A9: TOTAL | B9: =SUM(B5:B8) -> 83 | C9: =SUM(C5:C8) -> 0 | D9: =SUM(D5:D8) -> 0 | E9: =SUM(E5:E8) -> 83 | F9: =IFERROR(C9/B9,0) -> 0
A12: Reappeared anywhere? | B12: =COUNTIF('People-Search Sites'!$F$2:$F$200,"Reappeared")+COUNTIF(Aggregators!$D$2:$D$200,"Reappeared") -> 0
A13: If this is above zero, it's time to consider a paid service (see playbook Step 7).

Sheet Foundations
A1: Priority | B1: Task | C1: URL / where | D1: Status | E1: Date done | F1: Confirmation / PIN stored? | G1: Notes
A2: 1 | B2: Set up throwaway opt-out email | C2: Gmail - e.g. optout.rr.2026@gmail.com | D2: Not started | G2: Do this FIRST. Every opt-out below uses it.
A3: 1 | B3: Set up Google Voice number for verification | C3: https://voice.google.com | D3: Not started | G3: Some brokers verify by phone call. Don't give your real mobile.
A4: 1 | B4: Freeze credit - Equifax | C4: https://www.equifax.com/personal/credit-report-services/credit-freeze/ | D4: Not started | G4: Free. Save the PIN.
A5: 1 | B5: Freeze credit - Experian | C5: https://www.experian.com/freeze/center.html | D5: Not started | G5: Free. Save the PIN.
A6: 1 | B6: Freeze credit - TransUnion | C6: https://www.transunion.com/credit-freeze | D6: Not started | G6: Free. Save the PIN.
A7: 1 | B7: Freeze credit - Innovis | C7: https://www.innovis.com/personal/securityFreeze | D7: Not started | G7: Fourth bureau. Commonly missed.
A8: 1 | B8: Freeze - NCTUE (telecom/utilities) | C8: https://www.nctue.com/consumers | D8: Not started | G8: Blocks phone/utility accounts opened in your name.
A9: 1 | B9: Freeze - ChexSystems (bank accounts) | C9: https://www.chexsystems.com/security-freeze/place-freeze | D9: Not started | G9: Used by ~80% of banks to screen new checking accounts.
A10: 1 | B10: Google 'Results about you' - set up monitoring | C10: https://myactivity.google.com/results-about-you | D10: Not started | G10: Enter all name variants, addresses, phones, emails. Turn on notifications.
A11: 1 | B11: LinkedIn - public profile visibility OFF | C11: Settings & Privacy > Visibility > Edit your public profile | D11: Not started | G11: Single highest-value toggle. 2 minutes.
A12: 1 | B12: CALIFORNIA ONLY: submit DROP request | C12: https://privacy.ca.gov/drop | D12: Not started | G12: One request covers 575+ registered brokers. Processing begins Aug 1 2026. Do before paying for any service.
A13: 2 | B13: Install Global Privacy Control browser | C13: https://globalprivacycontrol.org | D13: Not started | G13: Brave/Firefox/DuckDuckGo. Legally binding opt-out in 12 states as of Jan 2026.
A14: 2 | B14: Google direct removal request (leftovers) | C14: https://support.google.com/websearch/troubleshooter/9685456 | D14: Not started | G14: For anything 'Results about you' missed.
A15: 2 | B15: Bing content removal | C15: https://www.bing.com/webmasters/tools/contentremoval | D15: Not started
A16: 2 | B16: National Do Not Call Registry | C16: https://www.donotcall.gov | D16: Not started | G16: Free, 2 minutes.
A17: 2 | B17: OptOutPrescreen (credit/insurance offers) | C17: https://www.optoutprescreen.com | D17: Not started | G17: Choose the PERMANENT option - requires mailing a form.
A18: 2 | B18: DMAchoice (direct mail) | C18: https://www.dmachoice.org | D18: Not started | G18: $6 for 10 years.
A19: 2 | B19: Yellow Pages opt-out | C19: https://www.yellowpagesoptout.com | D19: Not started
A20: 2 | B20: Check breach exposure | C20: https://haveibeenpwned.com | D20: Not started | G20: Also reveals forgotten accounts. Rotate any reused passwords.
A21: 2 | B21: Optery FREE scan (diagnostic) | C21: https://www.optery.com | D21: Not started | G21: Free tier shows exactly which sites list you, with screenshots. Worth it even if you never pay.
A22: 3 | B22: Set up email aliasing service | C22: SimpleLogin / Fastmail / Apple Hide My Email / DuckDuckGo | D22: Not started | G22: Stops future resupply. Gmail +tags don't work - brokers strip them.
A23: 3 | B23: Get a PO Box or virtual mailbox | C23: UPS Store / USPS / Anytime Mailbox | D23: Not started | G23: For anything not legally required to use your residence.
A24: 3 | B24: SAFETY: check state Address Confidentiality Program | C24: Your Secretary of State or AG office | D24: Not started | G24: ~40 states. Seals the public record - the one thing you otherwise cannot remove. Only if you qualify (DV/stalking/trafficking).

Sheet People-Search Sites
A1: Tier | B1: Site | C1: Opt-out URL | D1: Method | E1: Profile URL found (paste here) | F1: Status | G1: Date submitted | H1: Date verified gone | I1: Recheck date | J1: Notes
A2: 1 | B2: Whitepages | C2: https://www.whitepages.com/suppression_requests | D2: Profile URL + phone verification (automated call, 4-digit code) | F2: Not started | I2: =IF(H2="","",H2+90)
A3: 1 | B3: Spokeo | C3: https://www.spokeo.com/optout | D3: Profile URL + email confirmation | F3: Not started | I3: =IF(H3="","",H3+90)
A4: 1 | B4: BeenVerified | C4: https://www.beenverified.com/app/optout/search | D4: Search, select record, email confirm | F4: Not started | I4: =IF(H4="","",H4+90)
A5: 1 | B5: Radaris | C5: https://radaris.com/control/privacy | D5: Claim profile, then remove | F5: Not started | I5: =IF(H5="","",H5+90)
A6: 1 | B6: Intelius | C6: https://www.intelius.com/opt-out/ | D6: Email + confirmation link | F6: Not started | I6: =IF(H6="","",H6+90)
A7: 1 | B7: TruePeopleSearch | C7: https://www.truepeoplesearch.com/removal | D7: Profile URL + email | F7: Not started | I7: =IF(H7="","",H7+90)
A8: 1 | B8: FastPeopleSearch | C8: https://www.fastpeoplesearch.com/removal | D8: Profile URL + email | F8: Not started | I8: =IF(H8="","",H8+90)
A9: 1 | B9: PeopleFinders | C9: https://www.peoplefinders.com/opt-out | D9: Name + state, select, email | F9: Not started | I9: =IF(H9="","",H9+90)
A10: 1 | B10: TruthFinder | C10: https://www.truthfinder.com/opt-out/ | D10: Search + email confirm | F10: Not started | I10: =IF(H10="","",H10+90)
A11: 1 | B11: Nuwber | C11: https://nuwber.com/removal/link | D11: Profile URL + email | F11: Not started | I11: =IF(H11="","",H11+90)
A12: 1 | B12: USPhoneBook | C12: https://www.usphonebook.com/opt-out | D12: Profile URL + phone | F12: Not started | I12: =IF(H12="","",H12+90)
A13: 1 | B13: PeopleLooker | C13: https://www.peoplelooker.com/f/optout/search | D13: Search + email | F13: Not started | I13: =IF(H13="","",H13+90)
... A32: 3 | B32: Additional 70+ sites - use maintained list | C32: https://privacyinsightsolutions.com/data-broker-opt-out-list | D32: See playbook Step 4. Consider a paid service for this long tail. | F32: Not started | I32: =IF(H32="","",H32+90)

Sheet Aggregators
A1: Priority | B1: Company | C1: Opt-out / suppression URL | D1: Status | E1: Date submitted | F1: Response due (45 days) | G1: Notes
A2: 1 | B2: LexisNexis - information suppression | C2: https://optout.lexisnexis.com/ | D2: Not started | F2: =IF(E2="","",E2+45) | G2: Most important aggregator. Feeds many downstream sites.
A3: 1 | B3: LexisNexis - consumer report security freeze | C3: https://consumer.risk.lexisnexis.com/freeze | D3: Not started | F3: =IF(E3="","",E3+45) | G3: SEPARATE from the suppression request above. Do both.
A4: 1 | B4: Acxiom | C4: https://isapps.acxiom.com/optout/optout.aspx | D4: Not started | F4: =IF(E4="","",E4+45) | G4: Also see aboutthedata.com
A5: 1 | B5: Epsilon | C5: https://legal.epsilon.com/dsr/ | D5: Not started | F5: =IF(E5="","",E5+45) | G5: Or email optout@epsilon.com
A6: 1 | B6: Oracle Data Cloud | C6: https://www.oracle.com/legal/privacy/marketing-cloud-data-cloud-privacy-policy.html | D6: Not started | F6: =IF(E6="","",E6+45)
A7: 2 | B7: CoreLogic | C7: Email privacy@corelogic.com | D7: Not started | F7: =IF(E7="","",E7+45) | G7: Opt-out form download on their privacy page. Also offers a security freeze.
A8: 2 | B8: Thomson Reuters CLEAR | C8: https://www.thomsonreuters.com/en/privacy-statement.html | D8: Not started | F8: =IF(E8="","",E8+45) | G8: Suppression request form. Law-enforcement-grade database.
A9: 2 | B9: Experian Marketing Services | C9: https://www.experian.com/privacy/opting_out | D9: Not started | F9: =IF(E9="","",E9+45) | G9: Separate from the credit freeze.
A10: 2 | B10: Equifax marketing data | C10: https://www.equifax.com/personal/privacy/ | D10: Not started | F10: =IF(E10="","",E10+45) | G10: Separate from the credit freeze.
A11: 2 | B11: Verisk / ISO (insurance data) | C11: https://www.verisk.com/legal/consumer-inquiry/ | D11: Not started | F11: =IF(E11="","",E11+45) | G11: Insurance claims history.
B13: If a company misses the 45-day statutory deadline, that is an enforceable violation. File with your state Attorney General.

Sheet Accounts & Social
A1: Platform / account | B1: Action needed | C1: Where | D1: Status | E1: Date done | F1: Notes
A2: LinkedIn | B2: Public profile visibility OFF | C2: Settings > Visibility > Edit your public profile | D2: Not started | F2: Highest value. Removes you from Google/Bing.
A3: LinkedIn | B3: Profile viewing = Private mode | C3: Settings > Visibility | D3: Not started
A4: LinkedIn | B4: Connections visible to: Only you | C4: Settings > Visibility | D4: Not started
A5: LinkedIn | B5: Discovery by email / phone = Nobody | C5: Settings > Visibility | D5: Not started
A6: LinkedIn | B6: Opt out of salary, advertising, and research data | C6: Settings > Data privacy | D6: Not started
A7: Facebook | B7: Search engine linking = No | C7: Settings > Privacy | D7: Not started | F7: Also run Privacy Checkup and 'Limit Past Posts'.
A8: X / Twitter | B8: Disable email + phone discoverability | C8: Settings > Privacy > Discoverability | D8: Not started
A9: Instagram | B9: Private account; similar-account suggestions off | C9: Settings > Privacy | D9: Not started
A10: Venmo | B10: Past AND future transactions = Private; hide friends list | C10: Settings > Privacy | D10: Not started | F10: Commonly overlooked. Leaks your social graph and spending.
A11: Strava / fitness apps | B11: Privacy zones around home and work, or disable public activity | C11: App settings | D11: Not started | F11: Home address is trivially reverse-engineered from run routes.
A12: Spotify / Goodreads / Letterboxd | B12: Set private or delete | C12: App settings | D12: Not started | F12: Public by default, often under real names.
A13: Google account | B13: Review third-party app permissions | C13: https://myaccount.google.com/permissions | D13: Not started | F13: Revoke anything you don't recognize or use.
A14: Google account | B14: Turn off Web & App Activity / ad personalization | C14: https://myadcenter.google.com | D14: Not started
A15: Amazon | B15: Hide wish lists; disable public profile | C15: Account > Profile | D15: Not started | F15: Wish lists are public by default and often show a shipping city.
A16: Old accounts - discovery | B16: Search Gmail: 'welcome to', 'verify your email', 'confirm your account', 'free trial' | C16: Gmail | D16: Not started
A17: Old accounts - discovery | B17: Run usernames through WhatsMyName | C17: https://whatsmyname.app | D17: Not started
A18: Old accounts - discovery | B18: Check password manager + browser saved logins | D18: Not started
A19: Old accounts - deletion | B19: Look up deletion process per service | C19: https://justdelete.me | D19: Not started | F19: Rates each service by difficulty.
A20: Breach check | B20: Run email through Have I Been Pwned | C20: https://haveibeenpwned.com | D20: Not started | F20: Rotate every reused password found. Enable 2FA everywhere.

Sheet Setup
A1: Your details - keep this handy while filling out forms
A2: Most opt-out forms ask for the same fields. Fill these once. NOTE: this file is unencrypted - store it somewhere safe, or leave the sensitive rows blank and keep them in your password manager instead.
A4: Field | B4: Value | C4: Note
A5: Full legal name | C5: e.g. Ramu Reddy
A6: Name variants / maiden / nicknames | C6: Brokers index these separately - each one needs its own opt-out
A7: Middle name or initial
A8: Date of birth | C8: Often required to disambiguate. Fill in only if you're comfortable.
A9: Current address
A10: Prior address 1 | C10: Go back 10 years - brokers list all of them
A11: Prior address 2
A12: Prior address 3
A13: Primary phone | C13: Do NOT give this to brokers - listed here only so you can search for it
A14: Google Voice / burner phone | C14: USE THIS on forms requiring phone verification
A15: Primary email | B15: papr.tpt@gmail.com | C15: Do NOT give this to brokers
A16: Throwaway opt-out email | C16: USE THIS on every form. Create before you start.
A17: State of residence | C17: Determines which privacy law you cite in requests
A18: Known relatives listed by brokers | C18: Brokers cross-link these. Note who shows up so you can spot duplicate profiles.
A21: Right-to-delete request template
A22: Subject: Consumer Request to Delete and Opt Out of Sale - [Your Full Name]
A24: To Whom It May Concern:
A26: I am a resident of [STATE]. Pursuant to [CCPA/CPRA or your state statute], I am exercising my rights to:
A27: 1. Delete all personal information you have collected about me;
A28: 2. Opt out of the sale and sharing of my personal information;
A29: 3. Limit the use and disclosure of my sensitive personal information;
A30: 4. Direct all service providers and third parties to whom you have sold or disclosed my information to do the same.
A32: Identifying information: [Full name, prior/variant names, current address, prior addresses, DOB, phone, email]
A34: Please confirm completion in writing and identify all categories of third parties to whom my information was sold or disclosed in the preceding 12 months.
A36: I expect a response within 45 days as required by law.
A38: [Name]
